"Conference","Date","Home","Away","Away_Rank","Home_Spread","Home_Score","Away_Score","Cover"
"SEC","1/10/2017","Alabama","Florida",23,6,67,80,"No"
"SEC","1/13/2016","Alabama","SouthCarolina",19,4,73,50,"Cover"
"SEC","1/17/2018","Alabama","Auburn",17,5,76,71,"Cover"
"SEC","1/9/2016","Alabama","Kentucky",9,6.5,61,77,"No"
"SEC","12/30/2017","Alabama","TexasA&M",5,-1,79,57,"Cover"
"SEC","2/10/2016","Alabama","TexasA&M",15,5,63,62,"Cover"
"SEC","2/10/2018","Alabama","Tennessee",15,2,78,50,"Cover"
"SEC","2/11/2017","Alabama","Kentucky",15,7.5,58,67,"No"
"Pac-12","1/3/2016","ArizonaState","Arizona",8,3.5,82,94,"No"
"Pac-12","1/31/2016","ArizonaState","Oregon",23,3,74,91,"No"
"Pac-12","2/12/2016","ArizonaState","USC",23,-1,74,67,"Cover"
"Pac-12","2/23/2017","ArizonaState","UCLA",5,13,75,87,"Cover"
"Pac-12","3/4/2017","ArizonaState","Arizona",7,8.5,60,73,"No"
"Pac-12","3/5/2016","ArizonaState","California",25,6,65,68,"Cover"
"SEC","1/21/2016","Arkansas","Kentucky",23,2.5,66,80,"No"
"SEC","1/27/2016","Arkansas","TexasA&M",5,3.5,74,71,"Cover"
"SEC","12/29/2016","Arkansas","Florida",25,1.5,72,81,"No"
"SEC","12/30/2017","Arkansas","Tennessee",19,-5,95,93,"No"
"SEC","2/17/2018","Arkansas","TexasA&M",21,-3,94,75,"Cover"
"SEC","2/27/2018","Arkansas","Auburn",14,1,91,82,"Cover"
"SEC","1/16/2016","Auburn","Kentucky",14,12,75,70,"Cover"
"SEC","1/5/2016","Auburn","SouthCarolina",22,7,69,81,"No"
"SEC","1/6/2018","Auburn","Arkansas",22,-4,88,77,"Cover"
"SEC","2/14/2017","Auburn","Florida",15,10,95,114,"No"
"SEC","3/1/2016","Auburn","TexasA&M",20,11.5,63,81,"No"
"Big 12","1/2/2018","Baylor","TCU",16,2,78,81,"No"
"Big 12","2/10/2018","Baylor","Kansas",10,2.5,80,64,"Cover"
"Big 12","2/17/2018","Baylor","TexasTech",7,1,59,57,"Cover"
"Big 12","2/20/2018","Baylor","WestVirginia",21,0,60,71,"No"
"MWC","2/14/2018","BoiseState","Nevada",24,-3,72,77,"No"
"ACC","1/18/2017","BostonCollege","Virginia",16,14.5,54,71,"No"
"ACC","1/2/2016","BostonCollege","Duke",15,14.5,64,81,"No"
"ACC","1/20/2016","BostonCollege","MiamiFlorida",15,15,53,67,"Cover"
"ACC","1/21/2017","BostonCollege","NorthCarolina",9,18.5,82,90,"Cover"
"ACC","1/3/2018","BostonCollege","Clemson",25,5.5,70,74,"Cover"
"ACC","12/9/2017","BostonCollege","Duke",1,15,89,84,"Cover"
"ACC","2/10/2018","BostonCollege","MiamiFlorida",25,1.5,72,70,"Cover"
"ACC","2/14/2017","BostonCollege","NotreDame",25,9.5,76,84,"Cover"
"ACC","2/4/2017","BostonCollege","Louisville",6,13.5,67,90,"No"
"ACC","2/9/2016","BostonCollege","NorthCarolina",9,20.5,65,68,"Cover"
"Big East","1/6/2018","Butler","SetonHall",21,-2.5,87,90,"No"
"Big East","12/30/2017","Butler","Villanova",1,6,101,93,"Cover"
"Big East","2/13/2016","Butler","Xavier",5,-3,57,74,"No"
"Big East","2/6/2018","Butler","Xavier",5,-5,93,98,"No"
"WCC","2/18/2017","BYU","SaintMarysCA",22,4.5,57,70,"No"
"WCC","2/2/2017","BYU","Gonzaga",1,10,75,85,"Push"
"WCC","2/24/2018","BYU","Gonzaga",6,6,65,79,"No"
"Pac-12","1/17/2018","California","Arizona",14,12.5,58,79,"No"
"Pac-12","1/20/2018","California","ArizonaState",16,10.5,73,81,"Cover"
"Pac-12","1/23/2016","California","Arizona",12,2.5,74,73,"Cover"
"Pac-12","1/3/2016","California","UtahU",21,-3,71,58,"Cover"
"Pac-12","12/30/2016","California","Arizona",18,-2,62,67,"No"
"Pac-12","2/11/2016","California","Oregon",11,-1.5,83,63,"Cover"
"Pac-12","2/22/2017","California","Oregon",6,3.5,65,68,"Cover"
"AAC","1/16/2018","CentralFlorida","Cincinnati",12,7.5,38,49,"No"
"AAC","2/26/2017","CentralFlorida","Cincinnati",15,5.5,53,49,"Cover"
"AAC","3/1/2018","CentralFlorida","WichitaState",11,10,71,75,"Cover"
"AAC","3/6/2016","Cincinnati","SMU",24,-2,61,54,"Cover"
"ACC","1/10/2016","Clemson","Louisville",16,6.5,66,62,"Cover"
"ACC","1/13/2016","Clemson","Duke",9,7.5,68,63,"Cover"
"ACC","1/14/2017","Clemson","Virginia",19,1.5,73,77,"No"
"ACC","1/16/2016","Clemson","MiamiFlorida",8,4.5,76,65,"Cover"
"ACC","1/3/2017","Clemson","NorthCarolina",14,2.5,86,89,"No"
"ACC","2/25/2017","Clemson","FloridaState",19,2.5,74,76,"Cover"
"ACC","3/1/2016","Clemson","Virginia",4,4,57,64,"No"
"Pac-12","1/12/2017","Colorado","UCLA",4,5.5,89,104,"No"
"Pac-12","1/15/2017","Colorado","USC",25,-4,68,71,"No"
"Pac-12","1/28/2017","Colorado","Oregon",10,6.5,74,65,"Cover"
"Pac-12","1/4/2018","Colorado","ArizonaState",4,9.5,90,81,"Cover"
"Pac-12","1/6/2018","Colorado","Arizona",14,9,80,77,"Cover"
"Pac-12","2/24/2016","Colorado","Arizona",8,6,75,72,"Cover"
"AAC","12/30/2017","Connecticut","WichitaState",8,11,62,72,"Cover"
"AAC","2/18/2016","Connecticut","SMU",21,-3,68,62,"Cover"
"AAC","2/25/2017","Connecticut","SMU",17,7.5,61,69,"No"
"AAC","2/3/2018","Connecticut","Cincinnati",8,12.5,57,65,"Cover"
"AAC","3/5/2017","Connecticut","Cincinnati",18,6.5,47,67,"No"
"Big East","1/12/2016","Creighton","Providence",12,-2.5,48,50,"No"
"Big East","1/17/2018","Creighton","SetonHall",19,-4.5,80,63,"Cover"
"Big East","1/2/2016","Creighton","Villanova",16,8,71,85,"No"
"Big East","1/23/2016","Creighton","Butler",18,-1.5,72,64,"Cover"
"Big East","2/10/2018","Creighton","Xavier",5,-2.5,71,72,"No"
"Big East","2/24/2018","Creighton","Villanova",3,7.5,89,83,"Cover"
"Big East","2/9/2016","Creighton","Xavier",5,1,70,56,"Cover"
"A-10","3/2/2018","Davidson","RhodeIsland",17,-1,63,61,"Cover"
"Big East","1/21/2017","Depaul","Butler",13,11.5,69,70,"Cover"
"Big East","1/30/2016","Depaul","Xavier",7,10,65,86,"No"
"Big East","1/5/2016","Depaul","Butler",18,10,72,77,"Cover"
"Big East","12/27/2017","Depaul","Villanova",1,15,85,103,"No"
"Big East","2/11/2017","Depaul","Creighton",23,9.5,58,93,"No"
"Big East","2/13/2017","Depaul","Villanova",2,17.5,62,75,"Cover"
"Big East","2/2/2016","Depaul","Providence",11,8,77,70,"Cover"
"Big East","2/9/2016","Depaul","Villanova",1,14.5,59,86,"No"
"Big East","3/3/2018","Depaul","Xavier",3,7.5,62,65,"Cover"
"MVC","2/9/2016","Drake","WichitaState",25,17.5,48,74,"No"
"ACC","2/13/2016","Duke","Virginia",7,-2,63,62,"No"
"ACC","2/8/2016","Duke","Louisville",13,-4,72,65,"Cover"
"AAC","1/11/2018","EastCarolina","WichitaState",6,23.5,60,95,"No"
"AAC","1/13/2016","EastCarolina","SMU",10,14,55,79,"No"
"AAC","1/15/2017","EastCarolina","Cincinnati",22,15.5,46,55,"Cover"
"MVC","1/31/2016","Evansville","WichitaState",22,3,65,78,"No"
"SEC","2/24/2018","Florida","Auburn",12,-1.5,72,66,"Cover"
"SEC","3/1/2016","Florida","Kentucky",22,4.5,79,88,"No"
"SEC","3/3/2018","Florida","Kentucky",23,-5.5,80,67,"Cover"
"ACC","1/17/2016","FloridaState","Virginia",13,3.5,69,62,"Cover"
"ACC","1/4/2016","FloridaState","NorthCarolina",6,3.5,90,106,"No"
"ACC","2/14/2016","FloridaState","MiamiFlorida",12,-2,65,67,"No"
"ACC","2/14/2018","FloridaState","Clemson",11,-4.5,81,79,"No"
"ACC","2/27/2016","FloridaState","NotreDame",23,2.5,77,56,"Cover"
"ACC","2/7/2018","FloridaState","Virginia",2,3,55,59,"No"
"A-10","1/24/2018","Fordham","RhodeIsland",24,15,58,78,"No"
"A-10","2/6/2016","GeorgeMason","Dayton",24,10,64,98,"No"
"Big East","1/16/2016","Georgetown","Villanova",6,7,50,55,"Cover"
"Big East","1/17/2018","Georgetown","Villanova",1,12.5,56,88,"No"
"Big East","1/25/2017","Georgetown","Creighton",16,1.5,71,51,"Cover"
"Big East","1/30/2016","Georgetown","Providence",10,-2.5,69,73,"No"
"Big East","1/7/2017","Georgetown","Butler",18,2.5,76,85,"No"
"Big East","12/31/2016","Georgetown","Xavier",17,4,76,81,"No"
"Big East","2/20/2016","Georgetown","Xavier",8,2.5,70,88,"No"
"Big East","2/21/2018","Georgetown","Xavier",4,5,77,89,"No"
"Big East","3/4/2017","Georgetown","Villanova",2,9,55,81,"No"
"SEC","1/16/2016","Georgia","TexasA&M",15,3,45,79,"No"
"SEC","1/30/2018","Georgia","Florida",23,3.5,72,60,"Cover"
"SEC","2/10/2018","Georgia","Auburn",8,3.5,61,78,"No"
"SEC","2/17/2018","Georgia","Tennessee",18,2.5,73,62,"Cover"
"SEC","2/18/2017","Georgia","Kentucky",13,7.5,77,82,"Cover"
"SEC","2/2/2016","Georgia","SouthCarolina",25,1,69,56,"Cover"
"SEC","2/7/2017","Georgia","Florida",17,4.5,60,72,"No"
"ACC","1/18/2018","GeorgiaTech","Virginia",2,7,48,64,"No"
"ACC","1/23/2016","GeorgiaTech","Louisville",17,6.5,71,75,"Cover"
"ACC","1/25/2017","GeorgiaTech","FloridaState",6,9.5,78,56,"Cover"
"ACC","1/28/2017","GeorgiaTech","NotreDame",14,7,62,60,"Cover"
"ACC","1/28/2018","GeorgiaTech","Clemson",18,3,70,72,"Cover"
"ACC","1/3/2018","GeorgiaTech","MiamiFlorida",15,5.5,64,54,"Cover"
"ACC","1/7/2017","GeorgiaTech","Louisville",9,13,50,65,"No"
"ACC","1/9/2016","GeorgiaTech","Virginia",4,6,68,64,"Cover"
"ACC","12/31/2016","GeorgiaTech","NorthCarolina",9,17.5,75,63,"Cover"
"ACC","2/11/2018","GeorgiaTech","Duke",9,9,69,80,"No"
"ACC","2/20/2016","GeorgiaTech","NotreDame",19,2.5,63,62,"Cover"
"ACC","2/7/2016","GeorgiaTech","MiamiFlorida",17,3,68,75,"No"
"AAC","1/20/2018","HoustonU","WichitaState",7,3.5,73,59,"Cover"
"AAC","1/7/2017","HoustonU","Cincinnati",22,2.5,58,67,"No"
"AAC","2/1/2016","HoustonU","SMU",12,6,71,68,"Cover"
"AAC","2/15/2018","HoustonU","Cincinnati",5,2.5,67,62,"Cover"
"AAC","2/18/2017","HoustonU","SMU",19,3.5,66,76,"No"
"Big Ten","1/10/2016","Illinois","Purdue",20,9.5,84,70,"Cover"
"Big Ten","1/22/2018","Illinois","MichiganState",6,12,74,87,"No"
"Big Ten","1/31/2017","Illinois","Wisconsin",10,7.5,43,57,"No"
"Big Ten","2/22/2018","Illinois","Purdue",9,9,86,93,"Cover"
"Big Ten","2/25/2016","Illinois","IndianaU",18,7.5,47,74,"No"
"Big Ten","2/7/2016","Illinois","Iowa",5,9,65,77,"No"
"MVC","2/6/2016","IllinoisState","WichitaState",21,12.5,58,53,"Cover"
"Big Ten","1/28/2018","IndianaU","Purdue",3,8.5,67,74,"Cover"
"Big Ten","2/11/2016","IndianaU","Iowa",4,-3,85,78,"Cover"
"Big Ten","2/23/2018","IndianaU","OhioState",16,2,78,80,"Push"
"Big Ten","2/3/2018","IndianaU","MichiganState",5,8,60,63,"Cover"
"Big Ten","2/9/2017","IndianaU","Purdue",16,2.5,64,69,"No"
"Big Ten","1/12/2017","Iowa","Purdue",17,6.5,83,78,"Cover"
"Big Ten","1/19/2017","Iowa","Maryland",25,-1.5,76,84,"No"
"Big Ten","1/20/2018","Iowa","Purdue",3,11,64,87,"No"
"Big Ten","12/29/2015","Iowa","MichiganState",1,-3,83,70,"Cover"
"Big Ten","2/6/2018","Iowa","MichiganState",4,10,93,96,"Cover"
"Big 12","1/16/2017","IowaState","Kansas",2,3.5,72,76,"No"
"Big 12","1/20/2018","IowaState","TexasTech",8,7,70,52,"Cover"
"Big 12","1/31/2017","IowaState","WestVirginia",7,2,72,85,"No"
"Big 12","1/31/2018","IowaState","WestVirginia",15,8.5,93,77,"Cover"
"Big 12","2/10/2018","IowaState","Oklahoma",17,6,88,80,"Cover"
"Big 12","2/13/2018","IowaState","Kansas",13,6.5,77,83,"Cover"
"Big 12","2/25/2017","IowaState","Baylor",9,-1.5,72,69,"Cover"
"Big 12","1/1/2018","KansasState","WestVirginia",6,2,69,77,"No"
"Big 12","1/16/2016","KansasState","IowaState",17,1.5,63,76,"No"
"Big 12","1/16/2018","KansasState","Oklahoma",4,2.5,87,69,"Cover"
"Big 12","1/2/2016","KansasState","WestVirginia",19,5,83,87,"Cover"
"Big 12","1/20/2018","KansasState","TCU",24,-2,73,68,"Cover"
"Big 12","1/21/2017","KansasState","WestVirginia",7,3.5,79,75,"Cover"
"Big 12","1/29/2018","KansasState","Kansas",7,1.5,56,70,"No"
"Big 12","2/10/2016","KansasState","Baylor",21,-2.5,72,82,"No"
"Big 12","2/10/2018","KansasState","TexasTech",7,1,47,66,"No"
"Big 12","2/20/2016","KansasState","Kansas",2,5,63,72,"No"
"Big 12","2/22/2016","KansasState","Texas",25,-1.5,70,71,"No"
"Big 12","2/6/2016","KansasState","Oklahoma",1,5,80,69,"Cover"
"Big 12","2/6/2017","KansasState","Kansas",3,3.5,71,74,"Cover"
"A-10","1/9/2016","LaSalle","Dayton",25,11.5,61,57,"Cover"
"A-10","2/20/2018","LaSalle","RhodeIsland",18,7.5,93,95,"Cover"
"ACC","2/17/2018","Louisville","NorthCarolina",14,1,76,93,"No"
"ACC","3/1/2018","Louisville","Virginia",1,4.5,66,67,"Cover"
"WCC","1/6/2018","LoyolaMarymount","Gonzaga",19,19,66,85,"Push"
"WCC","12/29/2016","LoyolaMarymount","SaintMarysCA",19,11.5,60,72,"No"
"WCC","2/8/2018","LoyolaMarymount","SaintMarysCA",11,13,62,83,"No"
"WCC","2/9/2017","LoyolaMarymount","Gonzaga",1,17.5,60,90,"No"
"SEC","1/25/2017","LSU","Florida",25,12,71,106,"No"
"SEC","1/3/2018","LSU","Kentucky",17,2.5,71,74,"No"
"SEC","1/5/2016","LSU","Kentucky",9,2.5,85,67,"Cover"
"SEC","2/1/2017","LSU","SouthCarolina",19,8,63,88,"No"
"SEC","2/13/2016","LSU","TexasA&M",15,-2,76,71,"Cover"
"Big East","1/16/2016","Marquette","Xavier",7,6.5,66,74,"No"
"Big East","1/24/2017","Marquette","Villanova",1,5,74,72,"Cover"
"Big East","1/28/2018","Marquette","Villanova",1,7,82,85,"Cover"
"Big East","1/9/2018","Marquette","SetonHall",13,1,84,64,"Cover"
"Big East","12/27/2017","Marquette","Xavier",6,3.5,87,91,"No"
"Big East","2/10/2016","Marquette","Providence",20,1,96,91,"Cover"
"Big East","2/27/2016","Marquette","Villanova",1,9,79,89,"No"
"Big East","2/7/2017","Marquette","Butler",22,0,65,68,"No"
"Big Ten","1/28/2018","Maryland","MichiganState",6,6,68,74,"Push"
"Big Ten","2/24/2018","Maryland","Michigan",17,1.5,61,85,"No"
"A-10","1/30/2018","Massachusetts","RhodeIsland",22,9.5,83,85,"Cover"
"AAC","1/27/2018","MemphisU","Cincinnati",9,11.5,48,62,"No"
"AAC","2/22/2018","MemphisU","HoustonU",23,6,91,85,"Cover"
"AAC","2/25/2016","MemphisU","SMU",24,4.5,62,69,"No"
"AAC","2/6/2018","MemphisU","WichitaState",22,8.5,65,85,"No"
"ACC","1/12/2017","MiamiFlorida","NotreDame",20,-3.5,62,67,"No"
"ACC","1/28/2017","MiamiFlorida","NorthCarolina",9,6,77,62,"Cover"
"ACC","2/1/2017","MiamiFlorida","FloridaState",15,-3,57,75,"No"
"ACC","2/13/2018","MiamiFlorida","Virginia",1,5.5,50,59,"No"
"ACC","2/25/2017","MiamiFlorida","Duke",10,1.5,55,50,"Cover"
"Big Ten","1/12/2016","Michigan","Maryland",3,2,70,67,"Cover"
"Big Ten","1/9/2018","Michigan","Purdue",5,1.5,69,70,"Cover"
"Big Ten","2/13/2016","Michigan","Purdue",18,1,61,56,"Cover"
"Big Ten","2/16/2017","Michigan","Wisconsin",11,-2,64,58,"Cover"
"Big Ten","2/2/2016","Michigan","IndianaU",22,-2,67,80,"No"
"Big Ten","2/25/2017","Michigan","Purdue",14,-1,82,70,"Cover"
"Big Ten","2/6/2016","Michigan","MichiganState",10,4.5,73,89,"No"
"Big Ten","3/5/2016","Michigan","Iowa",16,-1.5,61,71,"No"
"Big Ten","1/11/2017","MichiganState","MinnesotaU",24,-3.5,65,47,"Cover"
"Big Ten","1/24/2017","MichiganState","Purdue",20,2,73,84,"No"
"Big Ten","2/26/2017","MichiganState","Wisconsin",16,3,84,74,"Cover"
"Big Ten","1/13/2018","MinnesotaU","Purdue",5,9,47,81,"No"
"Big Ten","1/2/2016","MinnesotaU","MichiganState",1,9,61,69,"Cover"
"Big Ten","1/21/2017","MinnesotaU","Wisconsin",17,4.5,76,78,"Cover"
"Big Ten","1/27/2016","MinnesotaU","Purdue",21,14,64,68,"Cover"
"Big Ten","1/28/2017","MinnesotaU","Maryland",22,-4.5,78,85,"No"
"Big Ten","2/13/2018","MinnesotaU","MichiganState",2,10.5,57,87,"No"
"Big Ten","2/18/2016","MinnesotaU","Maryland",6,10.5,68,63,"Cover"
"SEC","1/19/2016","Mississippi","SouthCarolina",24,1.5,74,77,"No"
"SEC","1/30/2018","Mississippi","Auburn",11,5,70,79,"No"
"SEC","12/29/2016","Mississippi","Kentucky",8,11,76,99,"No"
"SEC","2/24/2018","Mississippi","Tennessee",19,3.5,65,73,"No"
"SEC","1/13/2018","MississippiSt","Auburn",22,2.5,68,76,"No"
"SEC","1/17/2017","MississippiSt","Kentucky",5,14.5,81,88,"Cover"
"SEC","1/2/2018","MississippiSt","Arkansas",22,2.5,78,75,"Cover"
"SEC","1/6/2016","MississippiSt","TexasA&M",21,6.5,60,61,"Cover"
"SEC","2/11/2017","MississippiSt","SouthCarolina",19,5.5,73,77,"Cover"
"SEC","2/18/2017","MississippiSt","Florida",15,9.5,52,57,"Cover"
"SEC","2/27/2018","MississippiSt","Tennessee",16,-1.5,54,76,"No"
"SEC","1/17/2018","Missouri","Tennessee",21,-2,59,55,"Cover"
"SEC","1/24/2018","Missouri","Auburn",19,-2,73,91,"No"
"SEC","1/28/2017","Missouri","SouthCarolina",23,10.5,53,63,"Cover"
"SEC","2/13/2018","Missouri","TexasA&M",21,-2,62,58,"Cover"
"SEC","2/21/2017","Missouri","Kentucky",11,16.5,62,72,"Cover"
"SEC","2/27/2016","Missouri","TexasA&M",21,9.5,69,84,"No"
"SEC","2/3/2018","Missouri","Kentucky",21,-2.5,69,60,"Cover"
"MVC","2/25/2017","MissouriSt","WichitaState",25,15,67,86,"No"
"ACC","1/11/2018","NCState","Clemson",19,4,78,77,"Cover"
"ACC","1/21/2018","NCState","MiamiFlorida",25,-1.5,81,86,"No"
"ACC","1/23/2016","NCState","Duke",20,4.5,78,88,"No"
"ACC","1/30/2016","NCState","MiamiFlorida",15,5,85,69,"Cover"
"ACC","1/4/2017","NCState","VirginiaTech",21,1,104,78,"Cover"
"ACC","1/6/2018","NCState","Duke",2,12,96,85,"Cover"
"ACC","1/7/2016","NCState","Louisville",16,6.5,72,77,"Cover"
"ACC","2/10/2018","NCState","NorthCarolina",21,4,89,96,"No"
"ACC","2/15/2017","NCState","NorthCarolina",10,11,73,97,"No"
"ACC","2/18/2017","NCState","NotreDame",25,5,72,81,"No"
"ACC","2/24/2016","NCState","NorthCarolina",7,8,68,80,"No"
"ACC","2/25/2017","NCState","Virginia",18,6.5,55,70,"No"
"ACC","2/25/2018","NCState","FloridaState",25,-1,92,72,"Cover"
"Big Ten","1/18/2018","Nebraska","Michigan",23,5.5,72,52,"Cover"
"Big Ten","1/29/2017","Nebraska","Purdue",20,7,83,80,"Cover"
"Big Ten","12/5/2017","Nebraska","MinnesotaU",14,9,78,68,"Cover"
"Big Ten","2/3/2016","Nebraska","Maryland",4,5.5,65,70,"Cover"
"Big Ten","2/9/2017","Nebraska","Wisconsin",7,8,69,70,"Cover"
"Big Ten","3/1/2016","Nebraska","Purdue",15,3.5,62,81,"No"
"Big Ten","1/17/2018","Northwestern","OhioState",22,3.5,65,71,"No"
"Big Ten","1/2/2016","Northwestern","Maryland",4,4.5,59,72,"No"
"Big Ten","1/28/2016","Northwestern","MichiganState",12,6,45,76,"No"
"Big Ten","2/15/2017","Northwestern","Maryland",23,-2.5,64,74,"No"
"Big Ten","2/17/2018","Northwestern","MichiganState",2,9.5,60,65,"Cover"
"Big Ten","2/6/2018","Northwestern","Michigan",20,1.5,61,52,"Cover"
"Big Ten","3/5/2017","Northwestern","Purdue",16,3.5,65,69,"No"
"ACC","1/13/2018","NotreDame","NorthCarolina",20,5.5,68,69,"Cover"
"ACC","1/9/2016","NotreDame","Pittsburgh",24,-4.5,82,86,"No"
"ACC","2/11/2017","NotreDame","FloridaState",14,1,84,72,"Cover"
"ACC","2/13/2016","NotreDame","Louisville",13,-2,71,66,"Cover"
"ACC","2/6/2016","NotreDame","NorthCarolina",2,3,80,76,"Cover"
"ACC","3/2/2016","NotreDame","MiamiFlorida",7,-4,50,68,"No"
"Big Ten","1/31/2016","OhioState","Maryland",8,4.5,61,66,"No"
"Big Ten","1/31/2017","OhioState","Maryland",17,-3,71,77,"No"
"Big Ten","1/5/2017","OhioState","Purdue",20,3,75,76,"Cover"
"Big Ten","1/7/2018","OhioState","MichiganState",1,6.5,80,64,"Cover"
"Big Ten","2/23/2016","OhioState","MichiganState",6,7,62,81,"No"
"Big Ten","2/23/2017","OhioState","Wisconsin",16,7,83,73,"Cover"
"Big Ten","2/28/2016","OhioState","Iowa",8,4,68,64,"Cover"
"Big 12","1/10/2017","Oklahoma","Kansas",2,12,70,81,"Cover"
"Big 12","12/30/2016","Oklahoma","Baylor",4,7,50,76,"No"
"Big 12","2/8/2017","Oklahoma","WestVirginia",13,6,50,61,"No"
"Big 12","1/13/2016","OklahomaState","Oklahoma",2,8.5,72,74,"Cover"
"Big 12","1/19/2016","OklahomaState","Kansas",3,9,86,67,"Cover"
"Big 12","1/20/2018","OklahomaState","Oklahoma",4,2,83,81,"Cover"
"Big 12","1/27/2016","OklahomaState","Baylor",17,4,65,69,"Push"
"Big 12","12/29/2017","OklahomaState","WestVirginia",7,3,79,85,"No"
"Big 12","12/30/2016","OklahomaState","WestVirginia",11,3,75,92,"No"
"Big 12","2/21/2018","OklahomaState","TexasTech",6,4,79,71,"Cover"
"Big 12","2/27/2016","OklahomaState","WestVirginia",14,8,56,70,"No"
"Big 12","2/6/2016","OklahomaState","IowaState",13,4.5,59,64,"No"
"Big 12","2/8/2017","OklahomaState","Baylor",6,-1.5,69,72,"No"
"Big 12","3/3/2018","OklahomaState","Kansas",6,3.5,82,64,"Cover"
"Big 12","3/4/2016","OklahomaState","Texas",23,6,50,62,"No"
"Big 12","3/4/2017","OklahomaState","Kansas",1,1.5,85,90,"No"
"Pac-12","1/21/2016","Oregon","USC",21,-4.5,89,81,"Cover"
"Pac-12","2/24/2018","Oregon","Arizona",14,-4,98,93,"Cover"
"Pac-12","1/24/2016","OregonState","USC",21,2,85,70,"Cover"
"Pac-12","12/28/2016","OregonState","USC",22,12,63,70,"Cover"
"Pac-12","12/30/2016","OregonState","UCLA",2,21,63,76,"Cover"
"Pac-12","2/2/2017","OregonState","Arizona",5,16,54,71,"No"
"Pac-12","2/22/2018","OregonState","Arizona",14,5,65,75,"No"
"Pac-12","3/4/2017","OregonState","Oregon",6,19,59,80,"No"
"WCC","12/31/2016","Pacific","Gonzaga",7,18,61,81,"No"
"WCC","2/2/2017","Pacific","SaintMarysCA",18,15.5,70,74,"Cover"
"WCC","2/8/2018","Pacific","Gonzaga",12,13,61,71,"Cover"
"Big Ten","1/10/2016","PennState","MichiganState",5,10,65,92,"No"
"Big Ten","1/14/2017","PennState","MinnesotaU",24,1,52,50,"Cover"
"Big Ten","2/15/2018","PennState","OhioState",8,-1.5,79,56,"Cover"
"Big Ten","2/17/2016","PennState","Iowa",4,9,79,75,"Cover"
"Big Ten","2/21/2017","PennState","Purdue",14,7.5,70,74,"Cover"
"Big Ten","2/21/2018","PennState","Michigan",17,-4,63,72,"No"
"Big Ten","2/6/2016","PennState","IndianaU",22,9,68,63,"Cover"
"Big Ten","2/7/2017","PennState","Maryland",21,4,70,64,"Cover"
"WCC","1/28/2017","Pepperdine","Gonzaga",3,22.5,49,96,"No"
"WCC","1/4/2018","Pepperdine","Gonzaga",19,24,59,89,"No"
"WCC","2/23/2017","Pepperdine","SaintMarysCA",20,19,49,78,"No"
"ACC","1/10/2018","Pittsburgh","Duke",7,20,52,87,"No"
"ACC","1/24/2017","Pittsburgh","Louisville",13,4.5,51,106,"No"
"ACC","1/4/2017","Pittsburgh","Virginia",11,6,88,76,"Cover"
"ACC","12/30/2017","Pittsburgh","MiamiFlorida",15,12.5,53,67,"No"
"ACC","12/31/2016","Pittsburgh","NotreDame",24,1.5,77,78,"Cover"
"ACC","2/18/2017","Pittsburgh","FloridaState",17,6.5,80,66,"Cover"
"ACC","2/24/2016","Pittsburgh","Louisville",11,1,60,67,"No"
"ACC","2/24/2018","Pittsburgh","Virginia",1,19,37,66,"No"
"ACC","2/25/2017","Pittsburgh","NorthCarolina",8,9.5,67,85,"No"
"ACC","2/28/2016","Pittsburgh","Duke",15,-1,76,62,"Cover"
"ACC","2/6/2016","Pittsburgh","Virginia",9,1.5,50,64,"No"
"WCC","1/12/2017","PortlandU","SaintMarysCA",21,12.5,33,74,"No"
"WCC","1/23/2017","PortlandU","Gonzaga",3,23.5,64,83,"Cover"
"WCC","1/25/2018","PortlandU","Gonzaga",15,22,79,95,"Cover"
"WCC","2/17/2018","PortlandU","SaintMarysCA",15,14.5,61,73,"Cover"
"Big East","1/6/2018","Providence","Xavier",5,5.5,81,72,"Cover"
"Big East","1/7/2017","Providence","Creighton",10,5.5,64,78,"No"
"Big East","2/1/2017","Providence","Villanova",4,9.5,57,66,"Cover"
"Big East","2/11/2017","Providence","Butler",22,3,71,65,"Cover"
"Big East","2/14/2018","Providence","Villanova",3,10,76,71,"Cover"
"A-10","2/12/2016","RhodeIsland","Dayton",19,2.5,66,68,"Cover"
"Big Ten","1/18/2016","Rutgers","Purdue",22,21.5,57,107,"No"
"Big Ten","1/21/2016","Rutgers","Iowa",9,22,76,90,"Cover"
"Big Ten","12/5/2017","Rutgers","MichiganState",3,15,52,62,"Cover"
"Big Ten","2/3/2018","Rutgers","Purdue",3,15.5,76,78,"Cover"
"Big Ten","3/2/2016","Rutgers","MichiganState",2,24.5,66,97,"No"
"WCC","2/22/2018","SanDiego","Gonzaga",6,11.5,72,77,"Cover"
"WCC","2/23/2017","SanDiego","Gonzaga",1,24.5,38,96,"No"
"WCC","2/3/2018","SanDiego","SaintMarysCA",13,9.5,62,65,"Cover"
"WCC","2/4/2017","SanDiego","SaintMarysCA",18,15.5,27,71,"No"
"MWC","3/3/2018","SanDiegoState","Nevada",21,-1.5,79,74,"Cover"
"WCC","1/13/2018","SanFrancisco","Gonzaga",15,14.5,65,75,"Cover"
"WCC","1/5/2017","SanFrancisco","Gonzaga",5,14,80,95,"No"
"WCC","1/7/2017","SanFrancisco","SaintMarysCA",19,11.5,52,63,"Cover"
"WCC","2/15/2018","SanFrancisco","SaintMarysCA",15,9,70,63,"Cover"
"WCC","1/19/2017","SantaClara","Gonzaga",4,13,57,88,"No"
"WCC","1/20/2018","SantaClara","Gonzaga",13,20,60,75,"Cover"
"WCC","1/28/2017","SantaClara","SaintMarysCA",21,10,59,72,"No"
"Big East","1/20/2016","SetonHall","Villanova",4,7,71,72,"Cover"
"Big East","1/25/2017","SetonHall","Butler",11,2,54,61,"No"
"Big East","2/15/2017","SetonHall","Creighton",20,-1.5,87,81,"Cover"
"Big East","2/18/2017","SetonHall","Villanova",2,7,70,92,"No"
"Big East","2/28/2016","SetonHall","Xavier",5,2,90,81,"Cover"
"Big East","2/28/2018","SetonHall","Villanova",4,8,68,69,"Cover"
"AAC","2/11/2018","SMU","Cincinnati",6,7.5,51,76,"No"
"AAC","2/24/2018","SMU","WichitaState",13,8,78,84,"Cover"
"AAC","2/28/2018","SMU","HoustonU",25,6,56,69,"No"
"SEC","1/16/2018","SouthCarolina","Kentucky",18,1,76,68,"Cover"
"SEC","1/20/2018","SouthCarolina","Tennessee",21,3.5,63,70,"No"
"SEC","2/13/2016","SouthCarolina","Kentucky",22,1.5,62,89,"No"
"SEC","2/17/2018","SouthCarolina","Auburn",10,7,84,75,"Cover"
"AAC","1/13/2018","SouthFlorida","Cincinnati",14,22.5,55,78,"No"
"AAC","2/15/2017","SouthFlorida","Cincinnati",18,20,54,68,"Cover"
"AAC","2/7/2016","SouthFlorida","SMU",12,15,58,92,"No"
"A-10","2/16/2018","St.Bonaventure","RhodeIsland",16,2.5,77,74,"Cover"
"Big East","1/13/2018","St.Johns","Villanova",1,11.5,71,78,"Cover"
"Big East","1/14/2017","St.Johns","Villanova",3,12.5,57,70,"No"
"Big East","1/29/2017","St.Johns","Xavier",24,7.5,77,82,"Cover"
"Big East","1/30/2018","St.Johns","Xavier",6,4,68,73,"No"
"Big East","1/31/2016","St.Johns","Villanova",6,19.5,53,68,"Cover"
"Big East","1/4/2017","St.Johns","Creighton",10,7,72,85,"No"
"Big East","1/6/2016","St.Johns","Xavier",10,15,66,74,"Cover"
"Big East","12/29/2016","St.Johns","Butler",13,8.5,76,73,"Cover"
"A-10","2/17/2016","St.Josephs","Dayton",15,-1.5,79,70,"Cover"
"Pac-12","1/1/2016","Stanford","UtahU",21,5,70,68,"Cover"
"Pac-12","1/1/2017","Stanford","Arizona",18,6.5,52,91,"No"
"Pac-12","1/17/2018","Stanford","ArizonaState",16,4,86,77,"Cover"
"Pac-12","1/20/2018","Stanford","Arizona",14,6,71,73,"Cover"
"Pac-12","1/21/2016","Stanford","Arizona",12,6,57,71,"No"
"Pac-12","2/13/2016","Stanford","Oregon",11,6.5,76,72,"Cover"
"Pac-12","2/25/2017","Stanford","Oregon",6,7,73,75,"Cover"
"ACC","1/28/2016","Syracuse","NotreDame",25,-2,81,66,"Cover"
"ACC","1/28/2017","Syracuse","FloridaState",6,2.5,82,72,"Cover"
"ACC","1/9/2016","Syracuse","NorthCarolina",6,7.5,73,84,"No"
"ACC","2/13/2017","Syracuse","Louisville",8,3,72,76,"No"
"ACC","2/21/2018","Syracuse","NorthCarolina",10,4.5,74,78,"Cover"
"ACC","2/22/2017","Syracuse","Duke",10,3.5,78,75,"Cover"
"ACC","2/3/2018","Syracuse","Virginia",2,6.5,44,59,"No"
"ACC","2/4/2017","Syracuse","Virginia",9,4.5,66,62,"Cover"
"ACC","3/3/2018","Syracuse","Clemson",18,0,55,52,"Cover"
"Big 12","1/21/2017","TCU","Baylor",6,3.5,53,62,"No"
"Big 12","1/22/2018","TCU","WestVirginia",7,2,82,73,"Cover"
"Big 12","1/23/2016","TCU","IowaState",19,9,60,73,"No"
"Big 12","1/4/2016","TCU","WestVirginia",17,10.5,87,95,"Cover"
"Big 12","12/30/2016","TCU","Kansas",3,7,80,86,"Cover"
"Big 12","2/25/2017","TCU","WestVirginia",12,5,60,61,"Cover"
"Big 12","2/27/2016","TCU","Baylor",19,9,71,86,"No"
"Big 12","2/3/2018","TCU","TexasTech",10,-3,71,83,"No"
"Big 12","2/6/2016","TCU","Kansas",7,13,56,75,"No"
"Big 12","3/5/2016","TCU","Oklahoma",6,13,67,75,"Cover"
"AAC","1/24/2016","Temple","SMU",8,6.5,89,80,"Cover"
"AAC","1/4/2018","Temple","Cincinnati",19,7.5,53,55,"Cover"
"AAC","12/28/2016","Temple","Cincinnati",23,6,50,56,"Push"
"AAC","2/1/2018","Temple","WichitaState",16,7,81,79,"Cover"
"AAC","2/9/2017","Temple","SMU",25,7.5,50,66,"No"
"SEC","1/23/2016","Tennessee","SouthCarolina",24,1,78,69,"Cover"
"SEC","1/24/2017","Tennessee","Kentucky",4,10,82,80,"Cover"
"SEC","1/9/2016","Tennessee","TexasA&M",21,4,88,92,"Push"
"SEC","2/2/2016","Tennessee","Kentucky",20,8.5,84,77,"Cover"
"Big 12","1/10/2018","Texas","TCU",16,2,99,98,"Cover"
"Big 12","1/12/2016","Texas","IowaState",17,1.5,94,91,"Cover"
"Big 12","1/14/2017","Texas","WestVirginia",10,11.5,72,74,"Cover"
"Big 12","1/17/2018","Texas","TexasTech",8,3.5,67,58,"Cover"
"Big 12","12/29/2017","Texas","Kansas",11,4,86,92,"No"
"Big 12","2/25/2017","Texas","Kansas",3,8.5,67,77,"No"
"Big 12","2/3/2018","Texas","Oklahoma",12,-3,79,74,"Cover"
"Big 12","3/3/2018","Texas","WestVirginia",20,5.5,87,79,"Cover"
"Big 12","3/4/2017","Texas","Baylor",11,6,64,75,"No"
"SEC","2/10/2018","TexasA&M","Kentucky",24,-6,85,74,"Cover"
"SEC","2/20/2016","TexasA&M","Kentucky",14,2,79,77,"Cover"
"SEC","3/4/2017","TexasA&M","Kentucky",9,6.5,63,71,"No"
"Big 12","1/10/2017","TexasTech","KansasState",25,-4,66,65,"No"
"Big 12","1/16/2016","TexasTech","Baylor",22,1.5,60,63,"No"
"Big 12","1/23/2016","TexasTech","WestVirginia",6,3.5,76,80,"No"
"Big 12","1/3/2017","TexasTech","WestVirginia",7,2.5,77,76,"Cover"
"Big 12","1/9/2016","TexasTech","Kansas",1,6.5,59,69,"No"
"Big 12","2/10/2016","TexasTech","IowaState",14,2.5,85,82,"Cover"
"Big 12","2/11/2017","TexasTech","Kansas",3,4.5,79,80,"Cover"
"Big 12","2/13/2017","TexasTech","Baylor",4,1.5,84,78,"Cover"
"Big 12","2/17/2016","TexasTech","Oklahoma",3,4,65,63,"Cover"
"AAC","1/17/2016","Tulane","SMU",10,14,45,60,"No"
"AAC","1/21/2017","Tulane","Cincinnati",20,16.5,61,78,"No"
"AAC","3/1/2018","Tulane","Cincinnati",10,13,49,78,"No"
"AAC","1/13/2018","Tulsa","WichitaState",6,12,69,72,"Cover"
"AAC","12/29/2015","Tulsa","SMU",17,5,69,81,"No"
"AAC","2/1/2017","Tulsa","Cincinnati",14,9,55,57,"Cover"
"Pac-12","1/7/2016","UCLA","Arizona",7,3,87,84,"Cover"
"Pac-12","3/2/2016","UCLA","Oregon",9,3,68,76,"No"
"MWC","2/28/2018","UNLV","Nevada",21,2.5,75,101,"No"
"Pac-12","1/19/2017","USC","Arizona",14,4,66,73,"No"
"Pac-12","1/25/2017","USC","UCLA",8,7.5,84,76,"Cover"
"Pac-12","1/9/2016","USC","Arizona",7,3.5,103,101,"Cover"
"Pac-12","2/11/2017","USC","Oregon",5,3.5,70,81,"No"
"Pac-12","3/5/2016","USC","Oregon",9,2.5,66,76,"No"
"MWC","2/17/2018","UtahState","Nevada",24,5,87,93,"No"
"Pac-12","1/12/2017","UtahU","USC",25,-5,86,64,"Cover"
"Pac-12","1/14/2017","UtahU","UCLA",4,3,82,83,"Cover"
"Pac-12","1/26/2017","UtahU","Oregon",10,2,67,73,"No"
"Pac-12","1/4/2018","UtahU","Arizona",14,4,82,94,"No"
"Pac-12","1/7/2018","UtahU","ArizonaState",4,3,77,80,"Push"
"A-10","2/2/2018","VaCommonwealth","RhodeIsland",22,5,68,81,"No"
"SEC","1/10/2017","Vanderbilt","Kentucky",6,12,81,87,"Cover"
"SEC","1/13/2018","Vanderbilt","Kentucky",21,2,67,74,"No"
"SEC","1/9/2018","Vanderbilt","Tennessee",24,1.5,84,92,"No"
"SEC","2/18/2017","Vanderbilt","SouthCarolina",21,2,71,62,"Cover"
"SEC","2/27/2016","Vanderbilt","Kentucky",16,2,74,62,"Cover"
"SEC","2/4/2016","Vanderbilt","TexasA&M",8,-1,77,60,"Cover"
"SEC","3/4/2017","Vanderbilt","Florida",12,3.5,73,71,"Cover"
"ACC","1/14/2017","VirginiaTech","NotreDame",20,-1.5,71,76,"No"
"ACC","1/22/2018","VirginiaTech","NorthCarolina",10,3.5,80,69,"Cover"
"ACC","1/24/2016","VirginiaTech","NorthCarolina",2,12.5,70,75,"Cover"
"ACC","1/27/2016","VirginiaTech","Louisville",16,10,83,91,"Cover"
"ACC","1/3/2018","VirginiaTech","Virginia",8,3.5,52,78,"No"
"ACC","1/4/2016","VirginiaTech","Virginia",4,12.5,70,68,"Cover"
"ACC","12/31/2016","VirginiaTech","Duke",5,4.5,89,75,"Cover"
"ACC","2/12/2017","VirginiaTech","Virginia",12,5,80,78,"Cover"
"ACC","2/21/2018","VirginiaTech","Clemson",15,-4.5,65,58,"Cover"
"ACC","2/26/2018","VirginiaTech","Duke",5,5.5,64,63,"Cover"
"ACC","3/5/2016","VirginiaTech","MiamiFlorida",7,6,77,62,"Cover"
"ACC","1/11/2017","WakeForest","NorthCarolina",11,9,87,93,"Cover"
"ACC","1/21/2018","WakeForest","Virginia",2,7.5,49,59,"No"
"ACC","1/23/2018","WakeForest","Duke",4,9.5,70,84,"No"
"ACC","1/26/2016","WakeForest","Virginia",11,8,71,72,"Cover"
"ACC","1/28/2017","WakeForest","Duke",17,6.5,83,85,"Cover"
"ACC","1/6/2016","WakeForest","Duke",14,7.5,75,91,"No"
"ACC","2/24/2016","WakeForest","NotreDame",23,8,58,69,"No"
"ACC","2/3/2018","WakeForest","Clemson",20,2.5,67,75,"No"
"ACC","3/1/2017","WakeForest","Louisville",8,4,88,81,"Cover"
"Pac-12","1/3/2016","WashingtonState","UCLA",25,4,85,78,"Cover"
"Pac-12","1/31/2018","WashingtonState","Arizona",9,12,72,100,"No"
"Pac-12","1/7/2017","WashingtonState","Oregon",15,15.5,66,85,"No"
"Pac-12","2/1/2017","WashingtonState","UCLA",11,16.5,79,95,"Cover"
"Pac-12","2/16/2017","WashingtonState","Arizona",5,14,59,78,"No"
"Pac-12","2/3/2016","WashingtonState","Arizona",23,10,64,79,"No"
"Pac-12","2/4/2018","WashingtonState","ArizonaState",25,8,78,88,"No"
"Pac-12","1/1/2016","WashingtonU","UCLA",25,1.5,96,93,"Cover"
"Pac-12","1/4/2017","WashingtonU","Oregon",15,11,61,83,"No"
"Pac-12","2/1/2018","WashingtonU","ArizonaState",25,2.5,68,64,"Cover"
"Pac-12","2/18/2017","WashingtonU","Arizona",5,10,68,76,"Cover"
"Pac-12","2/3/2018","WashingtonU","Arizona",9,7,78,75,"Cover"
"Pac-12","2/4/2017","WashingtonU","UCLA",11,10.5,66,107,"No"
"Pac-12","2/6/2016","WashingtonU","Arizona",23,5,72,77,"Push"
"Big Ten","1/17/2016","Wisconsin","MichiganState",4,6.5,77,76,"Cover"
"Big Ten","1/26/2016","Wisconsin","IndianaU",19,1.5,82,79,"Cover"
"Big Ten","1/9/2016","Wisconsin","Maryland",3,2.5,60,63,"No"
"Big Ten","12/29/2015","Wisconsin","Purdue",14,5,55,61,"No"
"Big Ten","2/11/2018","Wisconsin","Michigan",20,4,72,83,"No"
"Big Ten","2/15/2018","Wisconsin","Purdue",6,11,57,53,"Cover"
"Big Ten","2/25/2018","Wisconsin","MichiganState",2,7.5,63,68,"Cover"
"MWC","1/24/2018","Wyoming","Nevada",23,2.5,104,103,"Cover"
"Big East","2/26/2017","Xavier","Butler",22,2.5,79,88,"No"
